{"cameraMode":{"drawMode":0,"name":"Shaded","section":"Shading Mode"},"sceneLighting":false,"audioPlay":false,"sceneViewState":{"m_AlwaysRefresh":false,"showFog":true,"showSkybox":false,"showFlares":true,"showImageEffects":true,"showParticleSystems":true,"showVisualEffectGraphs":true,"m_FxEnabled":true},"in2DMode":false,"pivot":{"x":0.005297012627124786,"y":0.04097750410437584,"z":0.007521599531173706},"rotation":{"x":-0.03330355882644653,"y":0.002095884643495083,"z":-0.00006977925659157336,"w":-0.9994444251060486},"size":0.09150100499391556,"orthographic":false}