{"cameraMode":{"drawMode":0,"name":"Shaded","section":"Shading Mode"},"sceneLighting":false,"audioPlay":false,"sceneViewState":{"m_AlwaysRefresh":false,"showFog":true,"showSkybox":false,"showFlares":true,"showImageEffects":true,"showParticleSystems":true,"showVisualEffectGraphs":true,"m_FxEnabled":true},"in2DMode":false,"pivot":{"x":-0.004472185857594013,"y":0.006643686443567276,"z":0.01143757812678814},"rotation":{"x":-0.08507855981588364,"y":0.02759460359811783,"z":0.0022724324371665718,"w":0.996252179145813},"size":0.021653566509485246,"orthographic":false}