{"cameraMode":{"drawMode":0,"name":"Shaded","section":"Shading Mode"},"sceneLighting":false,"audioPlay":false,"sceneViewState":{"m_AlwaysRefresh":false,"showFog":true,"showSkybox":false,"showFlares":true,"showImageEffects":true,"showParticleSystems":true,"showVisualEffectGraphs":true,"m_FxEnabled":true},"in2DMode":false,"pivot":{"x":0.06472499668598175,"y":0.012600000947713852,"z":-0.006550036836415529},"rotation":{"x":-0.0026956824585795404,"y":0.020194442942738534,"z":-0.00023534522915724665,"w":1.000054121017456},"size":0.09283562749624253,"orthographic":false}