{"cameraMode":{"drawMode":0,"name":"Shaded","section":"Shading Mode"},"sceneLighting":false,"audioPlay":false,"sceneViewState":{"m_AlwaysRefresh":false,"showFog":true,"showSkybox":false,"showFlares":true,"showImageEffects":true,"showParticleSystems":true,"showVisualEffectGraphs":true,"m_FxEnabled":true},"in2DMode":false,"pivot":{"x":0.0056819673627614979,"y":-0.0008982624858617783,"z":-0.003790076822042465},"rotation":{"x":-0.07310272008180618,"y":0.9222073554992676,"z":-0.2157435268163681,"w":-0.3124814033508301},"size":0.029908370226621629,"orthographic":false}