{"cameraMode":{"drawMode":0,"name":"Shaded","section":"Shading Mode"},"sceneLighting":false,"audioPlay":false,"sceneViewState":{"m_AlwaysRefresh":false,"showFog":true,"showSkybox":false,"showFlares":true,"showImageEffects":true,"showParticleSystems":true,"showVisualEffectGraphs":true,"m_FxEnabled":true},"in2DMode":false,"pivot":{"x":-0.39060091972351076,"y":-0.14180970191955567,"z":0.46787258982658389},"rotation":{"x":-0.19441358745098115,"y":0.28009629249572756,"z":-0.058036044239997867,"w":-0.9382863640785217},"size":0.1682969480752945,"orthographic":false}