{"cameraMode":{"drawMode":0,"name":"Shaded","section":"Shading Mode"},"sceneLighting":false,"audioPlay":false,"sceneViewState":{"m_AlwaysRefresh":false,"showFog":true,"showSkybox":false,"showFlares":true,"showImageEffects":true,"showParticleSystems":true,"showVisualEffectGraphs":true,"m_FxEnabled":true},"in2DMode":false,"pivot":{"x":-0.01907309889793396,"y":-0.014347560703754425,"z":0.014082148671150208},"rotation":{"x":0.4955073595046997,"y":0.08102725446224213,"z":-0.04681197553873062,"w":0.8638516068458557},"size":0.1957346796989441,"orthographic":false}