{"cameraMode":{"drawMode":0,"name":"Shaded","section":"Shading Mode"},"sceneLighting":false,"audioPlay":false,"sceneViewState":{"m_AlwaysRefresh":false,"showFog":true,"showSkybox":false,"showFlares":true,"showImageEffects":true,"showParticleSystems":true,"showVisualEffectGraphs":true,"m_FxEnabled":true},"in2DMode":false,"pivot":{"x":-0.014158753678202629,"y":-0.011522002518177033,"z":0.09257756918668747},"rotation":{"x":-0.019770175218582155,"y":0.06204516440629959,"z":-0.0012292093597352505,"w":-0.9978770017623901},"size":0.07694391161203385,"orthographic":false}