{"cameraMode":{"drawMode":0,"name":"Shaded","section":"Shading Mode"},"sceneLighting":false,"audioPlay":false,"sceneViewState":{"m_AlwaysRefresh":false,"showFog":true,"showSkybox":false,"showFlares":true,"showImageEffects":true,"showParticleSystems":true,"showVisualEffectGraphs":true,"m_FxEnabled":true},"in2DMode":false,"pivot":{"x":-0.15342187881469727,"y":-0.0050033628940582279,"z":-0.02024526335299015},"rotation":{"x":-0.22252488136291505,"y":0.6832880973815918,"z":-0.24248892068862916,"w":-0.6524214148521423},"size":0.14531384408473969,"orthographic":false}