{"cameraMode":{"drawMode":0,"name":"Shaded","section":"Shading Mode"},"sceneLighting":false,"audioPlay":false,"sceneViewState":{"m_AlwaysRefresh":false,"showFog":true,"showSkybox":false,"showFlares":true,"showImageEffects":true,"showParticleSystems":true,"showVisualEffectGraphs":true,"m_FxEnabled":true},"in2DMode":false,"pivot":{"x":0.009583542123436928,"y":-0.13188958168029786,"z":-0.01741844229400158},"rotation":{"x":-0.5400487184524536,"y":0.45792898535728457,"z":-0.530096709728241,"w":-0.46652793884277346},"size":0.13258306682109834,"orthographic":false}