{"cameraMode":{"drawMode":0,"name":"Shaded","section":"Shading Mode"},"sceneLighting":false,"audioPlay":false,"sceneViewState":{"m_AlwaysRefresh":false,"showFog":true,"showSkybox":false,"showFlares":true,"showImageEffects":true,"showParticleSystems":true,"showVisualEffectGraphs":true,"m_FxEnabled":true},"in2DMode":false,"pivot":{"x":0.37109485268592837,"y":0.15081949532032014,"z":0.0960894227027893},"rotation":{"x":0.033928729593753818,"y":0.3485570251941681,"z":-0.012941529043018818,"w":0.9368633031845093},"size":0.360659122467041,"orthographic":false}