{"cameraMode":{"drawMode":0,"name":"Shaded","section":"Shading Mode"},"sceneLighting":false,"audioPlay":false,"sceneViewState":{"m_AlwaysRefresh":false,"showFog":true,"showSkybox":false,"showFlares":true,"showImageEffects":true,"showParticleSystems":true,"showVisualEffectGraphs":true,"m_FxEnabled":true},"in2DMode":false,"pivot":{"x":-0.061328545212745669,"y":-0.04489188641309738,"z":0.19613920152187348},"rotation":{"x":-0.09905602037906647,"y":0.17576830089092256,"z":-0.017779313027858735,"w":-0.9792739748954773},"size":0.1690915822982788,"orthographic":false}