{"cameraMode":{"drawMode":0,"name":"Shaded","section":"Shading Mode"},"sceneLighting":false,"audioPlay":false,"sceneViewState":{"m_AlwaysRefresh":false,"showFog":true,"showSkybox":false,"showFlares":true,"showImageEffects":true,"showParticleSystems":true,"showVisualEffectGraphs":true,"m_FxEnabled":true},"in2DMode":false,"pivot":{"x":-0.01471480168402195,"y":-0.017972372472286226,"z":0.08158919960260391},"rotation":{"x":-0.08557546883821488,"y":-0.05467285215854645,"z":0.004702148959040642,"w":-0.9948208928108215},"size":0.08101245760917664,"orthographic":false}