{"cameraMode":{"drawMode":0,"name":"Shaded","section":"Shading Mode"},"sceneLighting":false,"audioPlay":false,"sceneViewState":{"m_AlwaysRefresh":false,"showFog":true,"showSkybox":false,"showFlares":true,"showImageEffects":true,"showParticleSystems":true,"showVisualEffectGraphs":true,"m_FxEnabled":true},"in2DMode":false,"pivot":{"x":-0.2758446931838989,"y":-0.07736508548259735,"z":0.14869475364685059},"rotation":{"x":0.05047081783413887,"y":0.2915363609790802,"z":-0.015508606098592282,"w":0.9553752541542053},"size":1.3115490674972535,"orthographic":false}