{"cameraMode":{"drawMode":0,"name":"Shaded","section":"Shading Mode"},"sceneLighting":false,"audioPlay":false,"sceneViewState":{"m_AlwaysRefresh":false,"showFog":true,"showSkybox":false,"showFlares":true,"showImageEffects":true,"showParticleSystems":true,"showVisualEffectGraphs":true,"m_FxEnabled":true},"in2DMode":false,"pivot":{"x":0.09718802571296692,"y":0.2342604398727417,"z":2.0953264236450197},"rotation":{"x":-0.04676082730293274,"y":-0.03685348853468895,"z":0.0017254301346838475,"w":-0.9982258677482605},"size":2.232347011566162,"orthographic":false}