{"cameraMode":{"drawMode":0,"name":"Shaded","section":"Shading Mode"},"sceneLighting":false,"audioPlay":false,"sceneViewState":{"m_AlwaysRefresh":false,"showFog":true,"showSkybox":false,"showFlares":true,"showImageEffects":true,"showParticleSystems":true,"showVisualEffectGraphs":true,"m_FxEnabled":true},"in2DMode":false,"pivot":{"x":-0.011063538491725922,"y":-0.009540718048810959,"z":0.05084897577762604},"rotation":{"x":0.013159388676285744,"y":0.06803856790065766,"z":0.0008974481024779379,"w":-0.9975956082344055},"size":0.06653156876564026,"orthographic":false}