{"cameraMode":{"drawMode":0,"name":"Shaded","section":"Shading Mode"},"sceneLighting":false,"audioPlay":false,"sceneViewState":{"m_AlwaysRefresh":false,"showFog":true,"showSkybox":false,"showFlares":true,"showImageEffects":true,"showParticleSystems":true,"showVisualEffectGraphs":true,"m_FxEnabled":true},"in2DMode":false,"pivot":{"x":-0.0018576027359813452,"y":-0.021937210112810136,"z":0.0017369836568832398},"rotation":{"x":-0.03779952600598335,"y":0.008091176860034466,"z":-0.00030599531601183116,"w":-0.9992537498474121},"size":0.08475007116794586,"orthographic":false}