{"cameraMode":{"drawMode":0,"name":"Shaded","section":"Shading Mode"},"sceneLighting":false,"audioPlay":false,"sceneViewState":{"m_AlwaysRefresh":false,"showFog":true,"showSkybox":false,"showFlares":true,"showImageEffects":true,"showParticleSystems":true,"showVisualEffectGraphs":true,"m_FxEnabled":true},"in2DMode":false,"pivot":{"x":-0.003788670990616083,"y":0.004061360843479633,"z":0.0017841942608356476},"rotation":{"x":-0.0033087439369410278,"y":0.02459445595741272,"z":-0.00008133496885420755,"w":-0.9996930956840515},"size":0.03125424683094025,"orthographic":false}