{"cameraMode":{"drawMode":0,"name":"Shaded","section":"Shading Mode"},"sceneLighting":false,"audioPlay":false,"sceneViewState":{"m_AlwaysRefresh":false,"showFog":true,"showSkybox":false,"showFlares":true,"showImageEffects":true,"showParticleSystems":true,"showVisualEffectGraphs":true,"m_FxEnabled":true},"in2DMode":false,"pivot":{"x":0.41428571939468386,"y":-0.41428571939468386,"z":-8.195638656616211e-8},"rotation":{"x":0.036245785653591159,"y":0.05762513726949692,"z":-0.002192731248214841,"w":0.9979398250579834},"size":0.7121973037719727,"orthographic":false}