{"cameraMode":{"drawMode":0,"name":"Shaded","section":"Shading Mode"},"sceneLighting":false,"audioPlay":false,"sceneViewState":{"m_AlwaysRefresh":false,"showFog":true,"showSkybox":false,"showFlares":true,"showImageEffects":true,"showParticleSystems":true,"showVisualEffectGraphs":true,"m_FxEnabled":true},"in2DMode":false,"pivot":{"x":-0.025778593495488168,"y":0.02058565989136696,"z":0.6592071652412415},"rotation":{"x":-0.00719060841947794,"y":-0.008316170424222947,"z":-0.00012402576976455748,"w":1.00020170211792},"size":0.1983596682548523,"orthographic":false}