{"cameraMode":{"drawMode":0,"name":"Shaded","section":"Shading Mode"},"sceneLighting":false,"audioPlay":false,"sceneViewState":{"m_AlwaysRefresh":false,"showFog":true,"showSkybox":false,"showFlares":true,"showImageEffects":true,"showParticleSystems":true,"showVisualEffectGraphs":true,"m_FxEnabled":true},"in2DMode":false,"pivot":{"x":0.012707069516181946,"y":-0.0055251577869057659,"z":0.004343364387750626},"rotation":{"x":-0.07179147005081177,"y":-0.2984016239643097,"z":0.02251436561346054,"w":-0.9514814615249634},"size":0.034730102866888049,"orthographic":false}