{"cameraMode":{"drawMode":0,"name":"Shaded","section":"Shading Mode"},"sceneLighting":false,"audioPlay":false,"sceneViewState":{"m_AlwaysRefresh":false,"showFog":true,"showSkybox":true,"showFlares":true,"showImageEffects":true,"showParticleSystems":true,"showVisualEffectGraphs":true,"m_FxEnabled":true},"in2DMode":false,"pivot":{"x":-1.0131748914718629,"y":0.6259589791297913,"z":-0.08270573616027832},"rotation":{"x":-0.10608497262001038,"y":0.20636196434497834,"z":-0.020944522693753244,"w":-0.9726766347885132},"size":0.5080158114433289,"orthographic":false}