{"cameraMode":{"drawMode":0,"name":"Shaded","section":"Shading Mode"},"sceneLighting":false,"audioPlay":false,"sceneViewState":{"m_AlwaysRefresh":false,"showFog":true,"showSkybox":false,"showFlares":true,"showImageEffects":true,"showParticleSystems":true,"showVisualEffectGraphs":true,"m_FxEnabled":true},"in2DMode":false,"pivot":{"x":-0.0023910999298095705,"y":0.00017294660210609436,"z":0.03396245837211609},"rotation":{"x":-0.10795262455940247,"y":-0.05157554894685745,"z":0.005608150735497475,"w":-0.9928022623062134},"size":0.06394996494054795,"orthographic":false}