{"cameraMode":{"drawMode":0,"name":"Shaded","section":"Shading Mode"},"sceneLighting":false,"audioPlay":false,"sceneViewState":{"m_AlwaysRefresh":false,"showFog":true,"showSkybox":false,"showFlares":true,"showImageEffects":true,"showParticleSystems":true,"showVisualEffectGraphs":true,"m_FxEnabled":true},"in2DMode":false,"pivot":{"x":0.03350000083446503,"y":-0.019200002774596216,"z":-0.006550036836415529},"rotation":{"x":0.13127250969409944,"y":0.09863933175802231,"z":-0.01344960555434227,"w":0.9866014122962952},"size":0.10220500826835633,"orthographic":false}