{"cameraMode":{"drawMode":0,"name":"Shaded","section":"Shading Mode"},"sceneLighting":false,"audioPlay":false,"sceneViewState":{"m_AlwaysRefresh":false,"showFog":true,"showSkybox":false,"showFlares":true,"showImageEffects":true,"showParticleSystems":true,"showVisualEffectGraphs":true,"m_FxEnabled":true},"in2DMode":false,"pivot":{"x":0.08951621502637863,"y":-0.031749553978443149,"z":0.019675329327583314},"rotation":{"x":-0.0026956824585795404,"y":0.020194442942738534,"z":-0.00023534522915724665,"w":1.000054121017456},"size":0.0951177105307579,"orthographic":false}