{"cameraMode":{"drawMode":0,"name":"Shaded","section":"Shading Mode"},"sceneLighting":false,"audioPlay":false,"sceneViewState":{"m_AlwaysRefresh":false,"showFog":true,"showSkybox":false,"showFlares":true,"showImageEffects":true,"showParticleSystems":true,"showVisualEffectGraphs":true,"m_FxEnabled":true},"in2DMode":false,"pivot":{"x":0.015968650579452516,"y":-0.015954265370965005,"z":0.03165087848901749},"rotation":{"x":-0.034188900142908099,"y":0.021688399836421014,"z":0.000523819588124752,"w":0.999444842338562},"size":0.18215495347976685,"orthographic":false}