{"cameraMode":{"drawMode":0,"name":"Shaded","section":"Shading Mode"},"sceneLighting":false,"audioPlay":false,"sceneViewState":{"m_AlwaysRefresh":false,"showFog":true,"showSkybox":false,"showFlares":true,"showImageEffects":true,"showParticleSystems":true,"showVisualEffectGraphs":true,"m_FxEnabled":true},"in2DMode":false,"pivot":{"x":-0.015152007341384888,"y":0.023767229169607164,"z":0.027755334973335267},"rotation":{"x":0.2568622827529907,"y":-0.028403129428625108,"z":0.007254940457642078,"w":0.9662744402885437},"size":0.061447132378816608,"orthographic":false}