{"cameraMode":{"drawMode":0,"name":"Shaded","section":"Shading Mode"},"sceneLighting":false,"audioPlay":false,"sceneViewState":{"m_AlwaysRefresh":false,"showFog":true,"showSkybox":false,"showFlares":true,"showImageEffects":true,"showParticleSystems":true,"showVisualEffectGraphs":true,"m_FxEnabled":true},"in2DMode":false,"pivot":{"x":0.004228778183460236,"y":0.017988601699471475,"z":0.01588492840528488},"rotation":{"x":-0.00480960076674819,"y":0.0035971824545413257,"z":-0.00001723847890389152,"w":-0.9999830722808838},"size":0.10879583656787873,"orthographic":false}