{"cameraMode":{"drawMode":0,"name":"Shaded","section":"Shading Mode"},"sceneLighting":false,"audioPlay":false,"sceneViewState":{"m_AlwaysRefresh":false,"showFog":true,"showSkybox":false,"showFlares":true,"showImageEffects":true,"showParticleSystems":true,"showVisualEffectGraphs":true,"m_FxEnabled":true},"in2DMode":false,"pivot":{"x":-0.006120743229985237,"y":0.009784778580069542,"z":0.0002629607915878296},"rotation":{"x":-0.010809474624693394,"y":0.003597053000703454,"z":-0.00003878233110299334,"w":-0.9999363422393799},"size":0.05122499540448189,"orthographic":false}