{"cameraMode":{"drawMode":0,"name":"Shaded","section":"Shading Mode"},"sceneLighting":false,"audioPlay":false,"sceneViewState":{"m_AlwaysRefresh":false,"showFog":true,"showSkybox":false,"showFlares":true,"showImageEffects":true,"showParticleSystems":true,"showVisualEffectGraphs":true,"m_FxEnabled":true},"in2DMode":false,"pivot":{"x":0.051021888852119449,"y":0.035394683480262759,"z":0.19058677554130555},"rotation":{"x":0.014679959043860436,"y":0.03658521920442581,"z":0.000537492276635021,"w":-0.9992226958274841},"size":0.15883304178714753,"orthographic":false}