{"cameraMode":{"drawMode":0,"name":"Shaded","section":"Shading Mode"},"sceneLighting":false,"audioPlay":false,"sceneViewState":{"m_AlwaysRefresh":false,"showFog":true,"showSkybox":false,"showFlares":true,"showImageEffects":true,"showParticleSystems":true,"showVisualEffectGraphs":true,"m_FxEnabled":true},"in2DMode":false,"pivot":{"x":-0.056415390223264697,"y":-0.0007451549172401428,"z":0.035242218524217609},"rotation":{"x":0.07415352016687393,"y":0.16891959309577943,"z":-0.012852031737565995,"w":0.9830188155174255},"size":0.046434126794338229,"orthographic":false}