{"cameraMode":{"drawMode":0,"name":"Shaded","section":"Shading Mode"},"sceneLighting":false,"audioPlay":false,"sceneViewState":{"m_AlwaysRefresh":false,"showFog":true,"showSkybox":false,"showFlares":true,"showImageEffects":true,"showParticleSystems":true,"showVisualEffectGraphs":true,"m_FxEnabled":true},"in2DMode":false,"pivot":{"x":-0.2531512379646301,"y":-0.028270572423934938,"z":0.07707381248474121},"rotation":{"x":0.006970189046114683,"y":0.4153193533420563,"z":-0.0035435061436146499,"w":0.9099304676055908},"size":0.4889183044433594,"orthographic":false}