{"cameraMode":{"drawMode":0,"name":"Shaded","section":"Shading Mode"},"sceneLighting":false,"audioPlay":false,"sceneViewState":{"m_AlwaysRefresh":false,"showFog":true,"showSkybox":false,"showFlares":true,"showImageEffects":true,"showParticleSystems":true,"showVisualEffectGraphs":true,"m_FxEnabled":true},"in2DMode":false,"pivot":{"x":0.018696798011660577,"y":0.004707240499556065,"z":0.010723650455474854},"rotation":{"x":-0.05523696914315224,"y":0.0915750116109848,"z":-0.005105376709252596,"w":-0.9942945241928101},"size":0.04375416412949562,"orthographic":false}