{"cameraMode":{"drawMode":0,"name":"Shaded","section":"Shading Mode"},"sceneLighting":false,"audioPlay":false,"sceneViewState":{"m_AlwaysRefresh":false,"showFog":true,"showSkybox":false,"showFlares":true,"showImageEffects":true,"showParticleSystems":true,"showVisualEffectGraphs":true,"m_FxEnabled":true},"in2DMode":false,"pivot":{"x":-0.014754892326891423,"y":-0.007395421154797077,"z":0.01109476387500763},"rotation":{"x":-0.012303692288696766,"y":0.030589992180466653,"z":-0.0003764526918530464,"w":-0.999458372592926},"size":0.03871234133839607,"orthographic":false}