{"cameraMode":{"drawMode":0,"name":"Shaded","section":"Shading Mode"},"sceneLighting":false,"audioPlay":false,"sceneViewState":{"m_AlwaysRefresh":false,"showFog":true,"showSkybox":false,"showFlares":true,"showImageEffects":true,"showParticleSystems":true,"showVisualEffectGraphs":true,"m_FxEnabled":true},"in2DMode":false,"pivot":{"x":0.008714820258319378,"y":-0.010485755279660225,"z":-0.012517381459474564},"rotation":{"x":-0.01108107715845108,"y":0.979119598865509,"z":-0.19522733986377717,"w":-0.05557477846741676},"size":0.04007178917527199,"orthographic":false}