{"cameraMode":{"drawMode":0,"name":"Shaded","section":"Shading Mode"},"sceneLighting":false,"audioPlay":false,"sceneViewState":{"m_AlwaysRefresh":false,"showFog":true,"showSkybox":false,"showFlares":true,"showImageEffects":true,"showParticleSystems":true,"showVisualEffectGraphs":true,"m_FxEnabled":true},"in2DMode":false,"pivot":{"x":-0.054166536778211597,"y":-0.044664666056632999,"z":0.16261182725429536},"rotation":{"x":-0.06315122544765473,"y":0.06043874844908714,"z":-0.00383147899992764,"w":-0.9961650371551514},"size":0.18232333660125733,"orthographic":false}