{"cameraMode":{"drawMode":0,"name":"Shaded","section":"Shading Mode"},"sceneLighting":false,"audioPlay":false,"sceneViewState":{"m_AlwaysRefresh":false,"showFog":true,"showSkybox":false,"showFlares":true,"showImageEffects":true,"showParticleSystems":true,"showVisualEffectGraphs":true,"m_FxEnabled":true},"in2DMode":false,"pivot":{"x":0.27874329686164858,"y":-0.12293225526809693,"z":0.05899989604949951},"rotation":{"x":0.004802116192877293,"y":0.033694420009851459,"z":-0.00035982325789518654,"w":0.9996833801269531},"size":0.5146918892860413,"orthographic":false}