{"cameraMode":{"drawMode":0,"name":"Shaded","section":"Shading Mode"},"sceneLighting":false,"audioPlay":false,"sceneViewState":{"m_AlwaysRefresh":false,"showFog":true,"showSkybox":false,"showFlares":true,"showImageEffects":true,"showParticleSystems":true,"showVisualEffectGraphs":true,"m_FxEnabled":true},"in2DMode":false,"pivot":{"x":0.015751056373119355,"y":0.009136027656495572,"z":-0.0035377000458538534},"rotation":{"x":0.10806182026863098,"y":0.031973015516996387,"z":-0.0037649888545274736,"w":0.9938865900039673},"size":0.04972130060195923,"orthographic":false}