{"cameraMode":{"drawMode":0,"name":"Shaded","section":"Shading Mode"},"sceneLighting":false,"audioPlay":false,"sceneViewState":{"m_AlwaysRefresh":false,"showFog":true,"showSkybox":false,"showFlares":true,"showImageEffects":true,"showParticleSystems":true,"showVisualEffectGraphs":true,"m_FxEnabled":true},"in2DMode":false,"pivot":{"x":-0.006838896777480841,"y":0.02016538940370083,"z":0.1094420924782753},"rotation":{"x":0.0551580935716629,"y":0.012577804736793042,"z":0.0006949290400370956,"w":-0.9983989000320435},"size":0.10716603696346283,"orthographic":false}